The Forge Medical Centre,WA4 6HJ,02E,NHS WARRINGTON CCG
Honiton Way Health Centre,WA5 2EY,02E,NHS WARRINGTON CCG
Folly Lane Medical Centre,WA5 0LU,02E,NHS WARRINGTON CCG
Hatton Lane Surgery,WA4 4NE,02E,NHS WARRINGTON CCG
Bridge St  N-l-w,WA12 9QS,01X,NHS ST HELENS CCG
Braithwaite,WA3 2HY,02H,NHS WIGAN BOROUGH CCG
Adlington Medical centre,PR6 9NW,00X,NHS CHORLEY AND SOUTH RIBBLE CCG
"Earnswood, Crewe",CW1 3AW,01R,NHS SOUTH CHESHIRE CCG
Middlewich Road Surgery,CW9 7DB,02D,NHS VALE ROYAL CCG
"Delamere HC, Crewe",CW1 3AW,01R,NHS SOUTH CHESHIRE CCG
Neston Surgery,CH64 4BN,02F,NHS WEST CHESHIRE CCG
Neston Medical Centre,CH64 3RA,02F,NHS WEST CHESHIRE CCG
Boundary Medical Centre,M33 2RH,02A,NHS TRAFFORD CCG
Nye Bevan House,OL11 1DN,01D,NHS HEYWOOD, MIDDLETON AND ROCHDALE CCG
*Sevenbrooks HC,M46 9DE,02H,NHS WIGAN BOROUGH CCG
*Sevenbrooks MC,M46 9DE,02H,NHS WIGAN BOROUGH CCG
Hawarden Health Centre,CH5 3PA,7A1,BETSI CADWALADR UNIVERSITY LHB
38 Shotton Lane,CH5 1QT,7A1,BETSI CADWALADR UNIVERSITY LHB
